<?xml version="1.0" encoding="UTF-8"?>
<project-private xmlns="http://www.netbeans.org/ns/project-private/1">
    <editor-bookmarks xmlns="http://www.netbeans.org/ns/editor-bookmarks/2" lastBookmarkId="0"/>
    <open-files xmlns="http://www.netbeans.org/ns/projectui-open-files/2">
        <group>
            <file>file:/C:/Users/RATHA/Desktop/final%20project/distr-final-proj-master%20(1)/distr-final-proj-master/Distr%20Computing%20Final%20Project/src/java/Servlet/LocationServlet.java</file>
            <file>file:/C:/Users/RATHA/Desktop/final%20project/distr-final-proj-master%20(1)/distr-final-proj-master/Distr%20Computing%20Final%20Project/src/java/Servlet/LoginServlet.java</file>
            <file>file:/C:/Users/RATHA/Desktop/final%20project/distr-final-proj-master%20(1)/distr-final-proj-master/Distr%20Computing%20Final%20Project/web/LocationAdd.jsp</file>
            <file>file:/C:/Users/RATHA/Desktop/final%20project/distr-final-proj-master%20(1)/distr-final-proj-master/Distr%20Computing%20Final%20Project/web/SiteLogin.jsp</file>
            <file>file:/C:/Users/RATHA/Desktop/final%20project/distr-final-proj-master%20(1)/distr-final-proj-master/Distr%20Computing%20Final%20Project/src/java/Servlet/ClientServlet.java</file>
            <file>file:/C:/Users/RATHA/Desktop/final%20project/distr-final-proj-master%20(1)/distr-final-proj-master/Distr%20Computing%20Final%20Project/src/java/Connection/DatabaseConnection.java</file>
            <file>file:/C:/Users/RATHA/Desktop/final%20project/distr-final-proj-master%20(1)/distr-final-proj-master/Distr%20Computing%20Final%20Project/web/LocationIndex.jsp</file>
            <file>file:/C:/Users/RATHA/Desktop/final%20project/distr-final-proj-master%20(1)/distr-final-proj-master/Distr%20Computing%20Final%20Project/web/LocationEdit.jsp</file>
        </group>
    </open-files>
</project-private>
